filename,object_location,image_small,image_thumb
image_001.JPG,/objects/image_001.JPG,/objects/small/image_001_sm.jpg,/objects/thumbs/image_001_th.jpg
image_002.JPG,/objects/image_002.JPG,/objects/small/image_002_sm.jpg,/objects/thumbs/image_002_th.jpg
image_003.JPG,/objects/image_003.JPG,/objects/small/image_003_sm.jpg,/objects/thumbs/image_003_th.jpg
image_004.JPG,/objects/image_004.JPG,/objects/small/image_004_sm.jpg,/objects/thumbs/image_004_th.jpg
image_005.JPG,/objects/image_005.JPG,/objects/small/image_005_sm.jpg,/objects/thumbs/image_005_th.jpg
image_006.JPG,/objects/image_006.JPG,/objects/small/image_006_sm.jpg,/objects/thumbs/image_006_th.jpg
image_007.JPG,/objects/image_007.JPG,/objects/small/image_007_sm.jpg,/objects/thumbs/image_007_th.jpg
image_008.jpeg,/objects/image_008.jpeg,/objects/small/image_008_sm.jpg,/objects/thumbs/image_008_th.jpg
image_009.jpeg,/objects/image_009.jpeg,/objects/small/image_009_sm.jpg,/objects/thumbs/image_009_th.jpg
image_010.jpeg,/objects/image_010.jpeg,/objects/small/image_010_sm.jpg,/objects/thumbs/image_010_th.jpg
image_011.jpeg,/objects/image_011.jpeg,/objects/small/image_011_sm.jpg,/objects/thumbs/image_011_th.jpg
image_012.jpeg,/objects/image_012.jpeg,/objects/small/image_012_sm.jpg,/objects/thumbs/image_012_th.jpg
image_013.jpeg,/objects/image_013.jpeg,/objects/small/image_013_sm.jpg,/objects/thumbs/image_013_th.jpg
image_014.jpeg,/objects/image_014.jpeg,/objects/small/image_014_sm.jpg,/objects/thumbs/image_014_th.jpg
image_015.jpeg,/objects/image_015.jpeg,/objects/small/image_015_sm.jpg,/objects/thumbs/image_015_th.jpg
image_016.jpeg,/objects/image_016.jpeg,/objects/small/image_016_sm.jpg,/objects/thumbs/image_016_th.jpg
image_017.jpeg,/objects/image_017.jpeg,/objects/small/image_017_sm.jpg,/objects/thumbs/image_017_th.jpg
image_018.jpeg,/objects/image_018.jpeg,/objects/small/image_018_sm.jpg,/objects/thumbs/image_018_th.jpg
image_019.jpeg,/objects/image_019.jpeg,/objects/small/image_019_sm.jpg,/objects/thumbs/image_019_th.jpg
image_020.jpeg,/objects/image_020.jpeg,/objects/small/image_020_sm.jpg,/objects/thumbs/image_020_th.jpg
image_021.jpeg,/objects/image_021.jpeg,/objects/small/image_021_sm.jpg,/objects/thumbs/image_021_th.jpg
image_022.jpeg,/objects/image_022.jpeg,/objects/small/image_022_sm.jpg,/objects/thumbs/image_022_th.jpg
image_023.jpeg,/objects/image_023.jpeg,/objects/small/image_023_sm.jpg,/objects/thumbs/image_023_th.jpg
image_024.jpeg,/objects/image_024.jpeg,/objects/small/image_024_sm.jpg,/objects/thumbs/image_024_th.jpg
image_025.jpeg,/objects/image_025.jpeg,/objects/small/image_025_sm.jpg,/objects/thumbs/image_025_th.jpg
image_026.jpeg,/objects/image_026.jpeg,/objects/small/image_026_sm.jpg,/objects/thumbs/image_026_th.jpg
image_027.jpeg,/objects/image_027.jpeg,/objects/small/image_027_sm.jpg,/objects/thumbs/image_027_th.jpg
image_028.jpeg,/objects/image_028.jpeg,/objects/small/image_028_sm.jpg,/objects/thumbs/image_028_th.jpg
image_029.jpeg,/objects/image_029.jpeg,/objects/small/image_029_sm.jpg,/objects/thumbs/image_029_th.jpg
image_030.jpeg,/objects/image_030.jpeg,/objects/small/image_030_sm.jpg,/objects/thumbs/image_030_th.jpg
image_031.jpeg,/objects/image_031.jpeg,/objects/small/image_031_sm.jpg,/objects/thumbs/image_031_th.jpg
image_032.jpeg,/objects/image_032.jpeg,/objects/small/image_032_sm.jpg,/objects/thumbs/image_032_th.jpg
image_033.jpeg,/objects/image_033.jpeg,/objects/small/image_033_sm.jpg,/objects/thumbs/image_033_th.jpg
image_034.jpeg,/objects/image_034.jpeg,/objects/small/image_034_sm.jpg,/objects/thumbs/image_034_th.jpg
image_035.jpeg,/objects/image_035.jpeg,/objects/small/image_035_sm.jpg,/objects/thumbs/image_035_th.jpg
image_036.jpeg,/objects/image_036.jpeg,/objects/small/image_036_sm.jpg,/objects/thumbs/image_036_th.jpg
image_037.jpeg,/objects/image_037.jpeg,/objects/small/image_037_sm.jpg,/objects/thumbs/image_037_th.jpg
image_038.jpeg,/objects/image_038.jpeg,/objects/small/image_038_sm.jpg,/objects/thumbs/image_038_th.jpg
image_039.jpeg,/objects/image_039.jpeg,/objects/small/image_039_sm.jpg,/objects/thumbs/image_039_th.jpg
image_040.jpeg,/objects/image_040.jpeg,/objects/small/image_040_sm.jpg,/objects/thumbs/image_040_th.jpg
image_041.jpeg,/objects/image_041.jpeg,/objects/small/image_041_sm.jpg,/objects/thumbs/image_041_th.jpg
image_042.jpeg,/objects/image_042.jpeg,/objects/small/image_042_sm.jpg,/objects/thumbs/image_042_th.jpg
image_043.jpeg,/objects/image_043.jpeg,/objects/small/image_043_sm.jpg,/objects/thumbs/image_043_th.jpg
image_044.jpeg,/objects/image_044.jpeg,/objects/small/image_044_sm.jpg,/objects/thumbs/image_044_th.jpg
image_045.jpeg,/objects/image_045.jpeg,/objects/small/image_045_sm.jpg,/objects/thumbs/image_045_th.jpg
image_046.jpeg,/objects/image_046.jpeg,/objects/small/image_046_sm.jpg,/objects/thumbs/image_046_th.jpg
image_047.jpeg,/objects/image_047.jpeg,/objects/small/image_047_sm.jpg,/objects/thumbs/image_047_th.jpg
image_048.jpeg,/objects/image_048.jpeg,/objects/small/image_048_sm.jpg,/objects/thumbs/image_048_th.jpg
image_049.jpeg,/objects/image_049.jpeg,/objects/small/image_049_sm.jpg,/objects/thumbs/image_049_th.jpg
image_050.jpeg,/objects/image_050.jpeg,/objects/small/image_050_sm.jpg,/objects/thumbs/image_050_th.jpg
image_051.jpeg,/objects/image_051.jpeg,/objects/small/image_051_sm.jpg,/objects/thumbs/image_051_th.jpg
image_052.jpeg,/objects/image_052.jpeg,/objects/small/image_052_sm.jpg,/objects/thumbs/image_052_th.jpg
image_053.jpeg,/objects/image_053.jpeg,/objects/small/image_053_sm.jpg,/objects/thumbs/image_053_th.jpg
image_054.jpeg,/objects/image_054.jpeg,/objects/small/image_054_sm.jpg,/objects/thumbs/image_054_th.jpg
image_055.jpeg,/objects/image_055.jpeg,/objects/small/image_055_sm.jpg,/objects/thumbs/image_055_th.jpg
image_057.jpeg,/objects/image_057.jpeg,/objects/small/image_057_sm.jpg,/objects/thumbs/image_057_th.jpg
image_058.jpeg,/objects/image_058.jpeg,/objects/small/image_058_sm.jpg,/objects/thumbs/image_058_th.jpg
image_059.jpeg,/objects/image_059.jpeg,/objects/small/image_059_sm.jpg,/objects/thumbs/image_059_th.jpg
image_060.jpeg,/objects/image_060.jpeg,/objects/small/image_060_sm.jpg,/objects/thumbs/image_060_th.jpg
image_061.jpeg,/objects/image_061.jpeg,/objects/small/image_061_sm.jpg,/objects/thumbs/image_061_th.jpg
image_062.jpeg,/objects/image_062.jpeg,/objects/small/image_062_sm.jpg,/objects/thumbs/image_062_th.jpg
image_063.jpeg,/objects/image_063.jpeg,/objects/small/image_063_sm.jpg,/objects/thumbs/image_063_th.jpg
image_064.jpeg,/objects/image_064.jpeg,/objects/small/image_064_sm.jpg,/objects/thumbs/image_064_th.jpg
image_065.jpeg,/objects/image_065.jpeg,/objects/small/image_065_sm.jpg,/objects/thumbs/image_065_th.jpg
image_066.jpeg,/objects/image_066.jpeg,/objects/small/image_066_sm.jpg,/objects/thumbs/image_066_th.jpg
image_067.jpeg,/objects/image_067.jpeg,/objects/small/image_067_sm.jpg,/objects/thumbs/image_067_th.jpg
image_068.jpeg,/objects/image_068.jpeg,/objects/small/image_068_sm.jpg,/objects/thumbs/image_068_th.jpg
image_069.jpeg,/objects/image_069.jpeg,/objects/small/image_069_sm.jpg,/objects/thumbs/image_069_th.jpg
image_070.jpeg,/objects/image_070.jpeg,/objects/small/image_070_sm.jpg,/objects/thumbs/image_070_th.jpg
image_071.jpeg,/objects/image_071.jpeg,/objects/small/image_071_sm.jpg,/objects/thumbs/image_071_th.jpg
image_072.jpeg,/objects/image_072.jpeg,/objects/small/image_072_sm.jpg,/objects/thumbs/image_072_th.jpg
image_073.jpeg,/objects/image_073.jpeg,/objects/small/image_073_sm.jpg,/objects/thumbs/image_073_th.jpg
image_074.jpeg,/objects/image_074.jpeg,/objects/small/image_074_sm.jpg,/objects/thumbs/image_074_th.jpg
image_075.jpeg,/objects/image_075.jpeg,/objects/small/image_075_sm.jpg,/objects/thumbs/image_075_th.jpg
image_076.jpeg,/objects/image_076.jpeg,/objects/small/image_076_sm.jpg,/objects/thumbs/image_076_th.jpg
image_077.jpeg,/objects/image_077.jpeg,/objects/small/image_077_sm.jpg,/objects/thumbs/image_077_th.jpg
image_078.jpeg,/objects/image_078.jpeg,/objects/small/image_078_sm.jpg,/objects/thumbs/image_078_th.jpg
image_079.jpeg,/objects/image_079.jpeg,/objects/small/image_079_sm.jpg,/objects/thumbs/image_079_th.jpg
image_080.jpeg,/objects/image_080.jpeg,/objects/small/image_080_sm.jpg,/objects/thumbs/image_080_th.jpg
imgae_056.jpeg,/objects/imgae_056.jpeg,/objects/small/imgae_056_sm.jpg,/objects/thumbs/imgae_056_th.jpg
